dataset,method,sample_count,accepted_count,accepted_rate,answer_consistency_rate,manual_review_rate,avg_aggregate_score,avg_quality_gain,avg_retained_aggregate_score,avg_retained_quality_gain,avg_added_nodes,avg_attempts,avg_similarity,avg_logic_consistency,avg_formula_correctness,avg_completeness,avg_reasoning_gain
ALL,feedback,90,19,0.2111111111111111,1.0,0.0,0.8041040888888888,0.010508844444444445,0.8104577,0.016862422222222218,0.9777777777777777,2.111111111111111,0.9925129,0.5411111111111111,0.7478888888888889,0.9416666666666667,0.9176967111111111
ALL,one_shot,90,6,0.06666666666666667,1.0,0.0,0.7606347,-0.03296045555555556,0.7980401333333333,0.004444855555555554,0.9777777777777777,1.0,0.9880900444444445,0.4636666666666667,0.6656666666666667,0.9227777777777777,0.9109782888888889
ALL,original,90,90,1.0,1.0,0.0,0.7935952777777777,0.0,0.7935952777777777,0.0,0.0,0.0,0.7961536888888888,0.8600000000000001,0.6443333333333333,0.8849999999999999,0.8164562222222222
GSM8K,feedback,30,7,0.23333333333333334,1.0,0.0,0.7984228000000001,-0.02567466666666667,0.8349112000000001,0.0108137,1.0,1.9666666666666666,0.9989396,0.5456666666666667,0.7306666666666667,0.9149999999999999,0.9220217666666667
GSM8K,one_shot,30,2,0.06666666666666667,1.0,0.0,0.7498851666666667,-0.0742123,0.8272880666666667,0.0031905666666666647,1.0,1.0,0.9968756333333334,0.46366666666666667,0.6426666666666667,0.88,0.9136915666666667
GSM8K,original,30,30,1.0,1.0,0.0,0.8240975,0.0,0.8240975,0.0,0.0,0.0,0.8665206666666666,0.86,0.68,0.9,0.8560221
MATH-500,feedback,30,3,0.1,1.0,0.0,0.7966155333333333,0.035192600000000004,0.7758312,0.014408199999999998,0.9333333333333333,2.2,1.0,0.5046666666666667,0.7193333333333334,0.975,0.9241501333333333
MATH-500,one_shot,30,1,0.03333333333333333,1.0,0.0,0.7619081333333334,0.0004853333333333321,0.7635857,0.0021626999999999987,0.9666666666666667,1.0,1.0,0.45,0.6536666666666666,0.9600000000000001,0.9048715
MATH-500,original,30,30,1.0,1.0,0.0,0.7614230000000001,0.0,0.7614230000000001,0.0,0.0,0.0,0.7939422,0.86,0.5793333333333333,0.885,0.7213133666666667
NuminaMath-CoT,feedback,30,9,0.3,1.0,0.0,0.8172739333333333,0.0220086,0.8206307,0.025365366666666663,1.0,2.1666666666666665,0.9785991,0.5730000000000001,0.7936666666666667,0.935,0.9069182333333334
NuminaMath-CoT,one_shot,30,3,0.1,1.0,0.0,0.7701108,-0.0251544,0.8032466333333333,0.007981299999999998,0.9666666666666667,1.0,0.9673944999999999,0.47733333333333333,0.7006666666666667,0.9283333333333333,0.9143718
NuminaMath-CoT,original,30,30,1.0,1.0,0.0,0.7952653333333333,0.0,0.7952653333333333,0.0,0.0,0.0,0.7279982,0.86,0.6736666666666667,0.8699999999999999,0.8720332000000001
